Interaction_A.DrugBank_ID.,Interaction_B.DrugBank_ID.,DrugA_name,DrugB_name,DiseaseA,DiseaseB
DB00714,DB00413,Apomorphine,Pramipexole,Hypertensive disease,Hypertensive disease
DB00714,DB00413,Apomorphine,Pramipexole,Pulmonary Hypertension,Pulmonary Hypertension
DB00408,DB01224,Loxapine,Quetiapine,Hypertensive disease,Hypertensive disease
DB00408,DB00334,Loxapine,Olanzapine,Hypertensive disease,Hypertensive disease
DB00408,DB00334,Loxapine,Olanzapine,Pulmonary Hypertension,Pulmonary Hypertension
DB00408,DB00734,Loxapine,Risperidone,Hypertensive disease,Hypertensive disease
DB00608,DB00795,Chloroquine,Sulfasalazine,Pulmonary Hypertension,Pulmonary Hypertension
DB00608,DB00795,Chloroquine,Sulfasalazine,Hypertensive disease,Hypertensive disease
DB00623,DB00734,Fluphenazine,Risperidone,Hypertensive disease,Hypertensive disease
DB00623,DB00502,Fluphenazine,Haloperidol,Hypertensive disease,Hypertensive disease
DB00623,DB01238,Fluphenazine,Aripiprazole,Hypertensive disease,Hypertensive disease
DB00623,DB00334,Fluphenazine,Olanzapine,Hypertensive disease,Hypertensive disease
DB00623,DB00246,Fluphenazine,Ziprasidone,Hypertensive disease,Hypertensive disease
DB00182,DB00734,Amphetamine,Risperidone,Hypertensive disease,Hypertensive disease
DB00182,DB00334,Amphetamine,Olanzapine,Hypertensive disease,Hypertensive disease
DB00182,DB00334,Amphetamine,Olanzapine,Pulmonary Hypertension,Pulmonary Hypertension
DB01043,DB00476,Memantine,Duloxetine,Hypertensive disease,Hypertensive disease
DB01043,DB01115,Memantine,Nifedipine,Hypertensive disease,Hypertensive disease
DB01043,DB00524,Memantine,Metolazone,Hypertensive disease,Hypertensive disease
DB01043,DB00433,Memantine,Prochlorperazine,Hypertensive disease,Hypertensive disease
DB00363,DB01238,Clozapine,Aripiprazole,Hypertensive disease,Hypertensive disease
DB00363,DB01224,Clozapine,Quetiapine,Hypertensive disease,Hypertensive disease
DB00363,DB00734,Clozapine,Risperidone,Hypertensive disease,Hypertensive disease
DB00363,DB00412,Clozapine,Rosiglitazone,Hypertensive disease,Hypertensive disease
DB00363,DB00334,Clozapine,Olanzapine,Hypertensive disease,Hypertensive disease
DB00363,DB00246,Clozapine,Ziprasidone,Hypertensive disease,Hypertensive disease
DB00363,DB01023,Clozapine,Felodipine,Hypertensive disease,Hypertensive disease
DB00363,DB00850,Clozapine,Perphenazine,Hypertensive disease,Hypertensive disease
DB00363,DB00182,Clozapine,Amphetamine,Hypertensive disease,Hypertensive disease
DB00622,DB00571,Nicardipine,Propranolol,Hypertensive disease,Hypertensive disease
DB00482,DB01023,Celecoxib,Felodipine,Hypertensive disease,Hypertensive disease
DB00482,DB01149,Celecoxib,Nefazodone,Hypertensive disease,Hypertensive disease
DB00482,DB00412,Celecoxib,Rosiglitazone,Hypertensive disease,Hypertensive disease
DB00482,DB01115,Celecoxib,Nifedipine,Hypertensive disease,Hypertensive disease
DB00482,DB00675,Celecoxib,Tamoxifen,Hypertensive disease,Hypertensive disease
DB00482,DB00370,Celecoxib,Mirtazapine,Hypertensive disease,Hypertensive disease
DB00482,DB00246,Celecoxib,Ziprasidone,Hypertensive disease,Hypertensive disease
DB00482,DB00457,Celecoxib,Prazosin,Hypertensive disease,Hypertensive disease
DB00482,DB00575,Celecoxib,Clonidine,Hypertensive disease,Hypertensive disease
DB00482,DB01238,Celecoxib,Aripiprazole,Hypertensive disease,Hypertensive disease
DB00482,DB00458,Celecoxib,Imipramine,Hypertensive disease,Hypertensive disease
DB00482,DB00433,Celecoxib,Prochlorperazine,Hypertensive disease,Hypertensive disease
DB00482,DB00571,Celecoxib,Propranolol,Hypertensive disease,Hypertensive disease
DB00482,DB00216,Celecoxib,Eletriptan,Hypertensive disease,Hypertensive disease
DB00482,DB00999,Celecoxib,Hydrochlorothiazide,Hypertensive disease,Hypertensive disease
DB00482,DB00580,Celecoxib,Valdecoxib,Hypertensive disease,Hypertensive disease
DB00482,DB00594,Celecoxib,Amiloride,Hypertensive disease,Hypertensive disease
DB00482,DB00396,Celecoxib,Progesterone,Hypertensive disease,Hypertensive disease
DB00482,DB00605,Celecoxib,Sulindac,Hypertensive disease,Hypertensive disease
DB00482,DB01173,Celecoxib,Orphenadrine,Hypertensive disease,Hypertensive disease
DB00482,DB00328,Celecoxib,Indomethacin,Hypertensive disease,Hypertensive disease
DB00482,DB00861,Celecoxib,Diflunisal,Hypertensive disease,Hypertensive disease
DB00482,DB01242,Celecoxib,Clomipramine,Hypertensive disease,Hypertensive disease
DB00502,DB00734,Haloperidol,Risperidone,Hypertensive disease,Hypertensive disease
DB00502,DB01224,Haloperidol,Quetiapine,Hypertensive disease,Hypertensive disease
DB00502,DB01238,Haloperidol,Aripiprazole,Hypertensive disease,Hypertensive disease
DB00502,DB00370,Haloperidol,Mirtazapine,Hypertensive disease,Hypertensive disease
DB00502,DB00285,Haloperidol,Venlafaxine,Hypertensive disease,Hypertensive disease
DB00502,DB00540,Haloperidol,Nortriptyline,Hypertensive disease,Hypertensive disease
DB00502,DB00715,Haloperidol,Paroxetine,Hypertensive disease,Hypertensive disease
DB00502,DB00334,Haloperidol,Olanzapine,Hypertensive disease,Hypertensive disease
DB00502,DB00246,Haloperidol,Ziprasidone,Hypertensive disease,Hypertensive disease
DB00502,DB00476,Haloperidol,Duloxetine,Hypertensive disease,Hypertensive disease
DB00502,DB00999,Haloperidol,Hydrochlorothiazide,Hypertensive disease,Hypertensive disease
DB00502,DB00458,Haloperidol,Imipramine,Hypertensive disease,Hypertensive disease
DB00502,DB00850,Haloperidol,Perphenazine,Hypertensive disease,Hypertensive disease
DB00502,DB00571,Haloperidol,Propranolol,Hypertensive disease,Hypertensive disease
DB00502,DB00412,Haloperidol,Rosiglitazone,Hypertensive disease,Hypertensive disease
DB00861,DB01069,Diflunisal,Promethazine,Hypertensive disease,Hypertensive disease
DB00396,DB00285,Progesterone,Venlafaxine,Hypertensive disease,Hypertensive disease
DB00396,DB01224,Progesterone,Quetiapine,Hypertensive disease,Hypertensive disease
DB00396,DB00580,Progesterone,Valdecoxib,Hypertensive disease,Hypertensive disease
DB00396,DB01069,Progesterone,Promethazine,Hypertensive disease,Hypertensive disease
DB00477,DB00715,Chlorpromazine,Paroxetine,Pulmonary Hypertension,Pulmonary Hypertension
DB00477,DB00715,Chlorpromazine,Paroxetine,Hypertensive disease,Hypertensive disease
DB00477,DB00363,Chlorpromazine,Clozapine,Hypertensive disease,Hypertensive disease
DB00477,DB00502,Chlorpromazine,Haloperidol,Hypertensive disease,Hypertensive disease
DB00477,DB00334,Chlorpromazine,Olanzapine,Hypertensive disease,Hypertensive disease
DB00477,DB00334,Chlorpromazine,Olanzapine,Pulmonary Hypertension,Pulmonary Hypertension
DB00477,DB00246,Chlorpromazine,Ziprasidone,Hypertensive disease,Hypertensive disease
DB00477,DB01224,Chlorpromazine,Quetiapine,Hypertensive disease,Hypertensive disease
DB00477,DB00575,Chlorpromazine,Clonidine,Hypertensive disease,Hypertensive disease
DB00477,DB00999,Chlorpromazine,Hydrochlorothiazide,Hypertensive disease,Hypertensive disease
DB00477,DB00999,Chlorpromazine,Hydrochlorothiazide,Pulmonary Hypertension,Pulmonary Hypertension
DB00477,DB01142,Chlorpromazine,Doxepin,Hypertensive disease,Hypertensive disease
DB00477,DB01142,Chlorpromazine,Doxepin,Pulmonary Hypertension,Pulmonary Hypertension
DB00715,DB00412,Paroxetine,Rosiglitazone,Hypertensive disease,Hypertensive disease
DB00715,DB00421,Paroxetine,Spironolactone,Hypertensive disease,Hypertensive disease
DB00715,DB00413,Paroxetine,Pramipexole,Hypertensive disease,Hypertensive disease
DB00715,DB00413,Paroxetine,Pramipexole,Pulmonary Hypertension,Pulmonary Hypertension
DB00715,DB00734,Paroxetine,Risperidone,Hypertensive disease,Hypertensive disease
DB00715,DB00580,Paroxetine,Valdecoxib,Hypertensive disease,Hypertensive disease
DB00715,DB01224,Paroxetine,Quetiapine,Hypertensive disease,Hypertensive disease
DB00715,DB01238,Paroxetine,Aripiprazole,Hypertensive disease,Hypertensive disease
DB00715,DB00675,Paroxetine,Tamoxifen,Hypertensive disease,Hypertensive disease
DB00715,DB00476,Paroxetine,Duloxetine,Pulmonary Hypertension,Pulmonary Hypertension
DB00715,DB00476,Paroxetine,Duloxetine,Hypertensive disease,Hypertensive disease
DB00715,DB00285,Paroxetine,Venlafaxine,Pulmonary Hypertension,Pulmonary Hypertension
DB00715,DB00285,Paroxetine,Venlafaxine,Hypertensive disease,Hypertensive disease
DB00715,DB00246,Paroxetine,Ziprasidone,Hypertensive disease,Hypertensive disease
DB00715,DB00960,Paroxetine,Pindolol,Hypertensive disease,Hypertensive disease
DB00715,DB00193,Paroxetine,Tramadol,Hypertensive disease,Hypertensive disease
DB00715,DB00193,Paroxetine,Tramadol,Pulmonary Hypertension,Pulmonary Hypertension
DB00715,DB00605,Paroxetine,Sulindac,Hypertensive disease,Hypertensive disease
DB00571,DB00675,Propranolol,Tamoxifen,Hypertensive disease,Hypertensive disease
DB00571,DB01224,Propranolol,Quetiapine,Hypertensive disease,Hypertensive disease
DB00571,DB00594,Propranolol,Amiloride,Hypertensive disease,Hypertensive disease
DB00571,DB00580,Propranolol,Valdecoxib,Hypertensive disease,Hypertensive disease
DB00571,DB00246,Propranolol,Ziprasidone,Hypertensive disease,Hypertensive disease
DB00571,DB00734,Propranolol,Risperidone,Hypertensive disease,Hypertensive disease
DB00571,DB01238,Propranolol,Aripiprazole,Hypertensive disease,Hypertensive disease
DB00571,DB00412,Propranolol,Rosiglitazone,Hypertensive disease,Hypertensive disease
DB00215,DB00413,Citalopram,Pramipexole,Pulmonary Hypertension,Pulmonary Hypertension
DB00215,DB00370,Citalopram,Mirtazapine,Pulmonary Hypertension,Pulmonary Hypertension
DB00215,DB00586,Citalopram,Diclofenac,Pulmonary Hypertension,Pulmonary Hypertension
DB00215,DB01242,Citalopram,Clomipramine,Pulmonary Hypertension,Pulmonary Hypertension
DB00215,DB00476,Citalopram,Duloxetine,Pulmonary Hypertension,Pulmonary Hypertension
DB00215,DB00715,Citalopram,Paroxetine,Pulmonary Hypertension,Pulmonary Hypertension
DB00215,DB01142,Citalopram,Doxepin,Pulmonary Hypertension,Pulmonary Hypertension
DB00215,DB00285,Citalopram,Venlafaxine,Pulmonary Hypertension,Pulmonary Hypertension
DB00215,DB01017,Citalopram,Minocycline,Pulmonary Hypertension,Pulmonary Hypertension
DB00215,DB00334,Citalopram,Olanzapine,Pulmonary Hypertension,Pulmonary Hypertension
DB00215,DB01110,Citalopram,Miconazole,Pulmonary Hypertension,Pulmonary Hypertension
DB00215,DB00472,Citalopram,Fluoxetine,Pulmonary Hypertension,Pulmonary Hypertension
DB00780,DB01224,Phenelzine,Quetiapine,Hypertensive disease,Hypertensive disease
DB00780,DB01238,Phenelzine,Aripiprazole,Hypertensive disease,Hypertensive disease
DB00780,DB00334,Phenelzine,Olanzapine,Hypertensive disease,Hypertensive disease
DB00780,DB00734,Phenelzine,Risperidone,Hypertensive disease,Hypertensive disease
DB00780,DB00726,Phenelzine,Trimipramine,Hypertensive disease,Hypertensive disease
DB00780,DB00285,Phenelzine,Venlafaxine,Hypertensive disease,Hypertensive disease
DB01017,DB01069,Minocycline,Promethazine,Hypertensive disease,Hypertensive disease
DB01017,DB00193,Minocycline,Tramadol,Hypertensive disease,Hypertensive disease
DB01017,DB00193,Minocycline,Tramadol,Pulmonary Hypertension,Pulmonary Hypertension
DB01017,DB00412,Minocycline,Rosiglitazone,Hypertensive disease,Hypertensive disease
DB01224,DB00412,Quetiapine,Rosiglitazone,Hypertensive disease,Hypertensive disease
DB01224,DB00476,Quetiapine,Duloxetine,Hypertensive disease,Hypertensive disease
DB01224,DB01238,Quetiapine,Aripiprazole,Hypertensive disease,Hypertensive disease
DB01224,DB00734,Quetiapine,Risperidone,Hypertensive disease,Hypertensive disease
DB01224,DB00246,Quetiapine,Ziprasidone,Hypertensive disease,Hypertensive disease
DB01224,DB00580,Quetiapine,Valdecoxib,Hypertensive disease,Hypertensive disease
DB01224,DB00605,Quetiapine,Sulindac,Hypertensive disease,Hypertensive disease
DB01069,DB00580,Promethazine,Valdecoxib,Hypertensive disease,Hypertensive disease
DB01069,DB01238,Promethazine,Aripiprazole,Hypertensive disease,Hypertensive disease
DB01069,DB00675,Promethazine,Tamoxifen,Hypertensive disease,Hypertensive disease
DB00850,DB00285,Perphenazine,Venlafaxine,Hypertensive disease,Hypertensive disease
DB00850,DB00476,Perphenazine,Duloxetine,Hypertensive disease,Hypertensive disease
DB00850,DB01238,Perphenazine,Aripiprazole,Hypertensive disease,Hypertensive disease
DB00850,DB00734,Perphenazine,Risperidone,Hypertensive disease,Hypertensive disease
DB00850,DB00571,Perphenazine,Propranolol,Hypertensive disease,Hypertensive disease
DB00850,DB00246,Perphenazine,Ziprasidone,Hypertensive disease,Hypertensive disease
DB00850,DB00193,Perphenazine,Tramadol,Hypertensive disease,Hypertensive disease
DB00524,DB00370,Metolazone,Mirtazapine,Hypertensive disease,Hypertensive disease
DB00524,DB00433,Metolazone,Prochlorperazine,Hypertensive disease,Hypertensive disease
DB00524,DB00334,Metolazone,Olanzapine,Hypertensive disease,Hypertensive disease
DB00524,DB00193,Metolazone,Tramadol,Hypertensive disease,Hypertensive disease
DB00524,DB00540,Metolazone,Nortriptyline,Hypertensive disease,Hypertensive disease
DB00524,DB01149,Metolazone,Nefazodone,Hypertensive disease,Hypertensive disease
DB00421,DB01238,Spironolactone,Aripiprazole,Hypertensive disease,Hypertensive disease
DB00421,DB00795,Spironolactone,Sulfasalazine,Hypertensive disease,Hypertensive disease
DB00421,DB00246,Spironolactone,Ziprasidone,Hypertensive disease,Hypertensive disease
DB00421,DB00675,Spironolactone,Tamoxifen,Hypertensive disease,Hypertensive disease
DB00285,DB00580,Venlafaxine,Valdecoxib,Hypertensive disease,Hypertensive disease
DB00285,DB00216,Venlafaxine,Eletriptan,Hypertensive disease,Hypertensive disease
DB00285,DB00216,Venlafaxine,Eletriptan,Pulmonary Hypertension,Pulmonary Hypertension
DB00285,DB00246,Venlafaxine,Ziprasidone,Hypertensive disease,Hypertensive disease
DB00285,DB00594,Venlafaxine,Amiloride,Hypertensive disease,Hypertensive disease
DB00734,DB01238,Risperidone,Aripiprazole,Hypertensive disease,Hypertensive disease
DB00734,DB00726,Risperidone,Trimipramine,Hypertensive disease,Hypertensive disease
DB00734,DB00412,Risperidone,Rosiglitazone,Hypertensive disease,Hypertensive disease
DB00734,DB00580,Risperidone,Valdecoxib,Hypertensive disease,Hypertensive disease
DB00734,DB00246,Risperidone,Ziprasidone,Hypertensive disease,Hypertensive disease
DB00734,DB00193,Risperidone,Tramadol,Hypertensive disease,Hypertensive disease
DB00321,DB01224,Amitriptyline,Quetiapine,Hypertensive disease,Hypertensive disease
DB00321,DB00575,Amitriptyline,Clonidine,Hypertensive disease,Hypertensive disease
DB00321,DB00334,Amitriptyline,Olanzapine,Hypertensive disease,Hypertensive disease
DB00321,DB00334,Amitriptyline,Olanzapine,Pulmonary Hypertension,Pulmonary Hypertension
DB00321,DB00285,Amitriptyline,Venlafaxine,Pulmonary Hypertension,Pulmonary Hypertension
DB00321,DB00285,Amitriptyline,Venlafaxine,Hypertensive disease,Hypertensive disease
DB00321,DB01173,Amitriptyline,Orphenadrine,Hypertensive disease,Hypertensive disease
DB00321,DB00580,Amitriptyline,Valdecoxib,Hypertensive disease,Hypertensive disease
DB00321,DB00215,Amitriptyline,Citalopram,Pulmonary Hypertension,Pulmonary Hypertension
DB00321,DB00381,Amitriptyline,Amlodipine,Hypertensive disease,Hypertensive disease
DB00321,DB01136,Amitriptyline,Carvedilol,Hypertensive disease,Hypertensive disease
DB00321,DB01136,Amitriptyline,Carvedilol,Pulmonary Hypertension,Pulmonary Hypertension
DB00321,DB00586,Amitriptyline,Diclofenac,Hypertensive disease,Hypertensive disease
DB00321,DB00586,Amitriptyline,Diclofenac,Pulmonary Hypertension,Pulmonary Hypertension
DB00321,DB00571,Amitriptyline,Propranolol,Hypertensive disease,Hypertensive disease
DB00321,DB00370,Amitriptyline,Mirtazapine,Hypertensive disease,Hypertensive disease
DB00321,DB00370,Amitriptyline,Mirtazapine,Pulmonary Hypertension,Pulmonary Hypertension
DB00321,DB00795,Amitriptyline,Sulfasalazine,Pulmonary Hypertension,Pulmonary Hypertension
DB00321,DB00795,Amitriptyline,Sulfasalazine,Hypertensive disease,Hypertensive disease
DB00321,DB00675,Amitriptyline,Tamoxifen,Hypertensive disease,Hypertensive disease
DB00321,DB01023,Amitriptyline,Felodipine,Hypertensive disease,Hypertensive disease
DB00321,DB00193,Amitriptyline,Tramadol,Hypertensive disease,Hypertensive disease
DB00321,DB00193,Amitriptyline,Tramadol,Pulmonary Hypertension,Pulmonary Hypertension
DB00321,DB00999,Amitriptyline,Hydrochlorothiazide,Hypertensive disease,Hypertensive disease
DB00321,DB00999,Amitriptyline,Hydrochlorothiazide,Pulmonary Hypertension,Pulmonary Hypertension
DB00321,DB00328,Amitriptyline,Indomethacin,Hypertensive disease,Hypertensive disease
DB00321,DB01238,Amitriptyline,Aripiprazole,Hypertensive disease,Hypertensive disease
DB00321,DB00482,Amitriptyline,Celecoxib,Hypertensive disease,Hypertensive disease
DB00321,DB01142,Amitriptyline,Doxepin,Hypertensive disease,Hypertensive disease
DB00321,DB01142,Amitriptyline,Doxepin,Pulmonary Hypertension,Pulmonary Hypertension
DB00321,DB00472,Amitriptyline,Fluoxetine,Pulmonary Hypertension,Pulmonary Hypertension
DB00321,DB01115,Amitriptyline,Nifedipine,Hypertensive disease,Hypertensive disease
DB00321,DB01069,Amitriptyline,Promethazine,Hypertensive disease,Hypertensive disease
DB00321,DB00887,Amitriptyline,Bumetanide,Hypertensive disease,Hypertensive disease
DB00321,DB00502,Amitriptyline,Haloperidol,Hypertensive disease,Hypertensive disease
DB00321,DB00715,Amitriptyline,Paroxetine,Pulmonary Hypertension,Pulmonary Hypertension
DB00321,DB00715,Amitriptyline,Paroxetine,Hypertensive disease,Hypertensive disease
DB00321,DB01149,Amitriptyline,Nefazodone,Pulmonary Hypertension,Pulmonary Hypertension
DB00321,DB01149,Amitriptyline,Nefazodone,Hypertensive disease,Hypertensive disease
DB00321,DB00524,Amitriptyline,Metolazone,Hypertensive disease,Hypertensive disease
DB00321,DB00490,Amitriptyline,Buspirone,Hypertensive disease,Hypertensive disease
DB00321,DB00656,Amitriptyline,Trazodone,Pulmonary Hypertension,Pulmonary Hypertension
DB00321,DB00656,Amitriptyline,Trazodone,Hypertensive disease,Hypertensive disease
DB00381,DB00421,Amlodipine,Spironolactone,Hypertensive disease,Hypertensive disease
DB00381,DB00433,Amlodipine,Prochlorperazine,Hypertensive disease,Hypertensive disease
DB00381,DB00571,Amlodipine,Propranolol,Hypertensive disease,Hypertensive disease
DB00381,DB00476,Amlodipine,Duloxetine,Hypertensive disease,Hypertensive disease
DB00381,DB01115,Amlodipine,Nifedipine,Hypertensive disease,Hypertensive disease
DB00381,DB01023,Amlodipine,Felodipine,Hypertensive disease,Hypertensive disease
DB00381,DB01142,Amlodipine,Doxepin,Hypertensive disease,Hypertensive disease
DB00381,DB00734,Amlodipine,Risperidone,Hypertensive disease,Hypertensive disease
DB00381,DB00715,Amlodipine,Paroxetine,Hypertensive disease,Hypertensive disease
DB00381,DB01224,Amlodipine,Quetiapine,Hypertensive disease,Hypertensive disease
DB00381,DB00285,Amlodipine,Venlafaxine,Hypertensive disease,Hypertensive disease
DB00381,DB00887,Amlodipine,Bumetanide,Hypertensive disease,Hypertensive disease
DB00381,DB00502,Amlodipine,Haloperidol,Hypertensive disease,Hypertensive disease
DB00381,DB00540,Amlodipine,Nortriptyline,Hypertensive disease,Hypertensive disease
DB00381,DB00580,Amlodipine,Valdecoxib,Hypertensive disease,Hypertensive disease
DB00381,DB01136,Amlodipine,Carvedilol,Hypertensive disease,Hypertensive disease
DB00381,DB00524,Amlodipine,Metolazone,Hypertensive disease,Hypertensive disease
DB00381,DB00661,Amlodipine,Verapamil,Hypertensive disease,Hypertensive disease
DB00381,DB00594,Amlodipine,Amiloride,Hypertensive disease,Hypertensive disease
DB00381,DB00490,Amlodipine,Buspirone,Hypertensive disease,Hypertensive disease
DB00381,DB00482,Amlodipine,Celecoxib,Hypertensive disease,Hypertensive disease
DB00381,DB00575,Amlodipine,Clonidine,Hypertensive disease,Hypertensive disease
DB00381,DB00246,Amlodipine,Ziprasidone,Hypertensive disease,Hypertensive disease
DB00381,DB00999,Amlodipine,Hydrochlorothiazide,Hypertensive disease,Hypertensive disease
DB00381,DB00334,Amlodipine,Olanzapine,Hypertensive disease,Hypertensive disease
DB00381,DB00675,Amlodipine,Tamoxifen,Hypertensive disease,Hypertensive disease
DB00381,DB01238,Amlodipine,Aripiprazole,Hypertensive disease,Hypertensive disease
DB00381,DB01069,Amlodipine,Promethazine,Hypertensive disease,Hypertensive disease
DB00381,DB00605,Amlodipine,Sulindac,Hypertensive disease,Hypertensive disease
DB00381,DB00193,Amlodipine,Tramadol,Hypertensive disease,Hypertensive disease
DB00381,DB00458,Amlodipine,Imipramine,Hypertensive disease,Hypertensive disease
DB00381,DB01173,Amlodipine,Orphenadrine,Hypertensive disease,Hypertensive disease
DB00381,DB00328,Amlodipine,Indomethacin,Hypertensive disease,Hypertensive disease
DB00381,DB00270,Amlodipine,Isradipine,Hypertensive disease,Hypertensive disease
DB00381,DB01149,Amlodipine,Nefazodone,Hypertensive disease,Hypertensive disease
DB01238,DB00580,Aripiprazole,Valdecoxib,Hypertensive disease,Hypertensive disease
DB01238,DB00246,Aripiprazole,Ziprasidone,Hypertensive disease,Hypertensive disease
DB01238,DB00412,Aripiprazole,Rosiglitazone,Hypertensive disease,Hypertensive disease
DB01234,DB01224,Dexamethasone,Quetiapine,Hypertensive disease,Hypertensive disease
DB01234,DB00734,Dexamethasone,Risperidone,Hypertensive disease,Hypertensive disease
DB01234,DB00412,Dexamethasone,Rosiglitazone,Hypertensive disease,Hypertensive disease
DB01234,DB01110,Dexamethasone,Miconazole,Hypertensive disease,Hypertensive disease
DB01234,DB01110,Dexamethasone,Miconazole,Essential Hypertension,Essential Hypertension
DB01234,DB01169,Dexamethasone,Arsenic trioxide,Hypertensive disease,Hypertensive disease
DB01234,DB00795,Dexamethasone,Sulfasalazine,Hypertensive disease,Hypertensive disease
DB01234,DB00580,Dexamethasone,Valdecoxib,Hypertensive disease,Hypertensive disease
DB01234,DB00396,Dexamethasone,Progesterone,Hypertensive disease,Hypertensive disease
DB01234,DB00396,Dexamethasone,Progesterone,Ocular Hypertension,Ocular Hypertension
DB01234,DB01238,Dexamethasone,Aripiprazole,Hypertensive disease,Hypertensive disease
DB01234,DB01043,Dexamethasone,Memantine,Hypertensive disease,Hypertensive disease
DB01234,DB00594,Dexamethasone,Amiloride,Hypertensive disease,Hypertensive disease
DB01234,DB00458,Dexamethasone,Imipramine,Hypertensive disease,Hypertensive disease
DB01186,DB00285,Pergolide,Venlafaxine,Pulmonary Hypertension,Pulmonary Hypertension
DB01186,DB00285,Pergolide,Venlafaxine,Hypertensive disease,Hypertensive disease
DB00268,DB00580,Ropinirole,Valdecoxib,Hypertensive disease,Hypertensive disease
DB00433,DB00476,Prochlorperazine,Duloxetine,Hypertensive disease,Hypertensive disease
DB00433,DB01238,Prochlorperazine,Aripiprazole,Hypertensive disease,Hypertensive disease
DB00433,DB01169,Prochlorperazine,Arsenic trioxide,Hypertensive disease,Hypertensive disease
DB00433,DB00675,Prochlorperazine,Tamoxifen,Hypertensive disease,Hypertensive disease
DB00580,DB00795,Valdecoxib,Sulfasalazine,Hypertensive disease,Hypertensive disease
DB00193,DB00909,Tramadol,Zonisamide,Pulmonary Hypertension,Pulmonary Hypertension
DB00193,DB00412,Tramadol,Rosiglitazone,Hypertensive disease,Hypertensive disease
DB00999,DB00524,Hydrochlorothiazide,Metolazone,Hypertensive disease,Hypertensive disease
DB00999,DB00246,Hydrochlorothiazide,Ziprasidone,Hypertensive disease,Hypertensive disease
DB00999,DB00328,Hydrochlorothiazide,Indomethacin,Hypertensive disease,Hypertensive disease
DB00999,DB00580,Hydrochlorothiazide,Valdecoxib,Hypertensive disease,Hypertensive disease
DB00999,DB00675,Hydrochlorothiazide,Tamoxifen,Hypertensive disease,Hypertensive disease
DB00999,DB00458,Hydrochlorothiazide,Imipramine,Hypertensive disease,Hypertensive disease
DB00999,DB00458,Hydrochlorothiazide,Imipramine,Pulmonary Hypertension,Pulmonary Hypertension
DB00999,DB01149,Hydrochlorothiazide,Nefazodone,Pulmonary Hypertension,Pulmonary Hypertension
DB00999,DB01149,Hydrochlorothiazide,Nefazodone,Hypertensive disease,Hypertensive disease
DB00999,DB01224,Hydrochlorothiazide,Quetiapine,Hypertensive disease,Hypertensive disease
DB00999,DB00334,Hydrochlorothiazide,Olanzapine,Hypertensive disease,Hypertensive disease
DB00999,DB00334,Hydrochlorothiazide,Olanzapine,Pulmonary Hypertension,Pulmonary Hypertension
DB00999,DB00605,Hydrochlorothiazide,Sulindac,Hypertensive disease,Hypertensive disease
DB00999,DB00850,Hydrochlorothiazide,Perphenazine,Hypertensive disease,Hypertensive disease
DB00819,DB00433,Acetazolamide,Prochlorperazine,Hypertensive disease,Hypertensive disease
DB00819,DB00999,Acetazolamide,Hydrochlorothiazide,Hypertensive disease,Hypertensive disease
DB00540,DB00268,Nortriptyline,Ropinirole,Hypertensive disease,Hypertensive disease
DB00540,DB00268,Nortriptyline,Ropinirole,Pulmonary Hypertension,Pulmonary Hypertension
DB00540,DB00734,Nortriptyline,Risperidone,Hypertensive disease,Hypertensive disease
DB00540,DB00421,Nortriptyline,Spironolactone,Hypertensive disease,Hypertensive disease
DB00540,DB01069,Nortriptyline,Promethazine,Hypertensive disease,Hypertensive disease
DB00540,DB00433,Nortriptyline,Prochlorperazine,Hypertensive disease,Hypertensive disease
DB00540,DB00193,Nortriptyline,Tramadol,Hypertensive disease,Hypertensive disease
DB00540,DB00193,Nortriptyline,Tramadol,Pulmonary Hypertension,Pulmonary Hypertension
DB00540,DB01173,Nortriptyline,Orphenadrine,Hypertensive disease,Hypertensive disease
DB00540,DB00675,Nortriptyline,Tamoxifen,Hypertensive disease,Hypertensive disease
DB01115,DB00285,Nifedipine,Venlafaxine,Hypertensive disease,Hypertensive disease
DB01115,DB00334,Nifedipine,Olanzapine,Hypertensive disease,Hypertensive disease
DB01115,DB01069,Nifedipine,Promethazine,Hypertensive disease,Hypertensive disease
DB01115,DB00594,Nifedipine,Amiloride,Hypertensive disease,Hypertensive disease
DB00605,DB00795,Sulindac,Sulfasalazine,Hypertensive disease,Hypertensive disease
DB00605,DB00580,Sulindac,Valdecoxib,Hypertensive disease,Hypertensive disease
DB00270,DB00476,Isradipine,Duloxetine,Hypertensive disease,Hypertensive disease
DB00270,DB00285,Isradipine,Venlafaxine,Hypertensive disease,Hypertensive disease
DB01023,DB00734,Felodipine,Risperidone,Hypertensive disease,Hypertensive disease
DB01023,DB00715,Felodipine,Paroxetine,Hypertensive disease,Hypertensive disease
DB01023,DB00285,Felodipine,Venlafaxine,Hypertensive disease,Hypertensive disease
DB01023,DB00605,Felodipine,Sulindac,Hypertensive disease,Hypertensive disease
DB01023,DB00370,Felodipine,Mirtazapine,Hypertensive disease,Hypertensive disease
DB01023,DB00412,Felodipine,Rosiglitazone,Hypertensive disease,Hypertensive disease
DB01023,DB01115,Felodipine,Nifedipine,Hypertensive disease,Hypertensive disease
DB01023,DB00571,Felodipine,Propranolol,Hypertensive disease,Hypertensive disease
DB00472,DB00726,Fluoxetine,Trimipramine,Pulmonary Hypertension,Pulmonary Hypertension
DB00472,DB00216,Fluoxetine,Eletriptan,Pulmonary Hypertension,Pulmonary Hypertension
DB00472,DB00285,Fluoxetine,Venlafaxine,Pulmonary Hypertension,Pulmonary Hypertension
DB00472,DB00268,Fluoxetine,Ropinirole,Pulmonary Hypertension,Pulmonary Hypertension
DB00472,DB00370,Fluoxetine,Mirtazapine,Pulmonary Hypertension,Pulmonary Hypertension
DB00472,DB00413,Fluoxetine,Pramipexole,Pulmonary Hypertension,Pulmonary Hypertension
DB00472,DB00715,Fluoxetine,Paroxetine,Pulmonary Hypertension,Pulmonary Hypertension
DB00472,DB00999,Fluoxetine,Hydrochlorothiazide,Pulmonary Hypertension,Pulmonary Hypertension
DB00472,DB00795,Fluoxetine,Sulfasalazine,Pulmonary Hypertension,Pulmonary Hypertension
DB00472,DB00334,Fluoxetine,Olanzapine,Pulmonary Hypertension,Pulmonary Hypertension
DB00472,DB00458,Fluoxetine,Imipramine,Pulmonary Hypertension,Pulmonary Hypertension
DB00472,DB00540,Fluoxetine,Nortriptyline,Pulmonary Hypertension,Pulmonary Hypertension
DB00472,DB00193,Fluoxetine,Tramadol,Pulmonary Hypertension,Pulmonary Hypertension
DB00472,DB00656,Fluoxetine,Trazodone,Pulmonary Hypertension,Pulmonary Hypertension
DB01136,DB00412,Carvedilol,Rosiglitazone,Hypertensive disease,Hypertensive disease
DB01136,DB00270,Carvedilol,Isradipine,Hypertensive disease,Hypertensive disease
DB01136,DB00715,Carvedilol,Paroxetine,Pulmonary Hypertension,Pulmonary Hypertension
DB01136,DB00715,Carvedilol,Paroxetine,Hypertensive disease,Hypertensive disease
DB01136,DB00433,Carvedilol,Prochlorperazine,Hypertensive disease,Hypertensive disease
DB01136,DB00246,Carvedilol,Ziprasidone,Hypertensive disease,Hypertensive disease
DB01136,DB00413,Carvedilol,Pramipexole,Hypertensive disease,Hypertensive disease
DB01136,DB00413,Carvedilol,Pramipexole,Pulmonary Hypertension,Pulmonary Hypertension
DB01136,DB00734,Carvedilol,Risperidone,Hypertensive disease,Hypertensive disease
DB01136,DB01069,Carvedilol,Promethazine,Hypertensive disease,Hypertensive disease
DB01136,DB00571,Carvedilol,Propranolol,Hypertensive disease,Hypertensive disease
DB01136,DB00472,Carvedilol,Fluoxetine,Pulmonary Hypertension,Pulmonary Hypertension
DB01136,DB00334,Carvedilol,Olanzapine,Hypertensive disease,Hypertensive disease
DB01136,DB00334,Carvedilol,Olanzapine,Pulmonary Hypertension,Pulmonary Hypertension
DB01136,DB00458,Carvedilol,Imipramine,Hypertensive disease,Hypertensive disease
DB01136,DB00458,Carvedilol,Imipramine,Pulmonary Hypertension,Pulmonary Hypertension
DB01136,DB00575,Carvedilol,Clonidine,Hypertensive disease,Hypertensive disease
DB01136,DB00605,Carvedilol,Sulindac,Hypertensive disease,Hypertensive disease
DB01136,DB00540,Carvedilol,Nortriptyline,Hypertensive disease,Hypertensive disease
DB01136,DB00540,Carvedilol,Nortriptyline,Pulmonary Hypertension,Pulmonary Hypertension
DB01136,DB01115,Carvedilol,Nifedipine,Hypertensive disease,Hypertensive disease
DB01136,DB00586,Carvedilol,Diclofenac,Hypertensive disease,Hypertensive disease
DB01136,DB00586,Carvedilol,Diclofenac,Pulmonary Hypertension,Pulmonary Hypertension
DB01136,DB00594,Carvedilol,Amiloride,Hypertensive disease,Hypertensive disease
DB01136,DB00675,Carvedilol,Tamoxifen,Hypertensive disease,Hypertensive disease
DB01136,DB00396,Carvedilol,Progesterone,Hypertensive disease,Hypertensive disease
DB01136,DB01149,Carvedilol,Nefazodone,Pulmonary Hypertension,Pulmonary Hypertension
DB01136,DB01149,Carvedilol,Nefazodone,Hypertensive disease,Hypertensive disease
DB00575,DB00396,Clonidine,Progesterone,Hypertensive disease,Hypertensive disease
DB00575,DB01023,Clonidine,Felodipine,Hypertensive disease,Hypertensive disease
DB00575,DB00715,Clonidine,Paroxetine,Hypertensive disease,Hypertensive disease
DB00575,DB01224,Clonidine,Quetiapine,Hypertensive disease,Hypertensive disease
DB00575,DB00580,Clonidine,Valdecoxib,Hypertensive disease,Hypertensive disease
DB00575,DB00734,Clonidine,Risperidone,Hypertensive disease,Hypertensive disease
DB00575,DB00540,Clonidine,Nortriptyline,Hypertensive disease,Hypertensive disease
DB00575,DB00999,Clonidine,Hydrochlorothiazide,Hypertensive disease,Hypertensive disease
DB00575,DB00412,Clonidine,Rosiglitazone,Hypertensive disease,Hypertensive disease
DB00575,DB00370,Clonidine,Mirtazapine,Hypertensive disease,Hypertensive disease
DB00575,DB01115,Clonidine,Nifedipine,Hypertensive disease,Hypertensive disease
DB00575,DB00421,Clonidine,Spironolactone,Hypertensive disease,Hypertensive disease
DB00575,DB00836,Clonidine,Loperamide,Hypertensive disease,Hypertensive disease
DB00575,DB00502,Clonidine,Haloperidol,Hypertensive disease,Hypertensive disease
DB00575,DB00334,Clonidine,Olanzapine,Hypertensive disease,Hypertensive disease
DB00575,DB01043,Clonidine,Memantine,Hypertensive disease,Hypertensive disease
DB00575,DB00193,Clonidine,Tramadol,Hypertensive disease,Hypertensive disease
DB00575,DB00571,Clonidine,Propranolol,Hypertensive disease,Hypertensive disease
DB00575,DB00586,Clonidine,Diclofenac,Hypertensive disease,Hypertensive disease
DB00575,DB00328,Clonidine,Indomethacin,Hypertensive disease,Hypertensive disease
DB00575,DB01142,Clonidine,Doxepin,Hypertensive disease,Hypertensive disease
DB00575,DB01149,Clonidine,Nefazodone,Hypertensive disease,Hypertensive disease
DB00575,DB01110,Clonidine,Miconazole,Hypertensive disease,Hypertensive disease
DB00370,DB00726,Mirtazapine,Trimipramine,Pulmonary Hypertension,Pulmonary Hypertension
DB00370,DB00726,Mirtazapine,Trimipramine,Hypertensive disease,Hypertensive disease
DB00370,DB01238,Mirtazapine,Aripiprazole,Hypertensive disease,Hypertensive disease
DB00370,DB00580,Mirtazapine,Valdecoxib,Hypertensive disease,Hypertensive disease
DB00370,DB00285,Mirtazapine,Venlafaxine,Pulmonary Hypertension,Pulmonary Hypertension
DB00370,DB00285,Mirtazapine,Venlafaxine,Hypertensive disease,Hypertensive disease
DB00370,DB01224,Mirtazapine,Quetiapine,Hypertensive disease,Hypertensive disease
DB00370,DB00246,Mirtazapine,Ziprasidone,Hypertensive disease,Hypertensive disease
DB00370,DB01069,Mirtazapine,Promethazine,Hypertensive disease,Hypertensive disease
DB00370,DB00734,Mirtazapine,Risperidone,Hypertensive disease,Hypertensive disease
DB00370,DB00715,Mirtazapine,Paroxetine,Pulmonary Hypertension,Pulmonary Hypertension
DB00370,DB00715,Mirtazapine,Paroxetine,Hypertensive disease,Hypertensive disease
DB00370,DB00334,Mirtazapine,Olanzapine,Hypertensive disease,Hypertensive disease
DB00370,DB00334,Mirtazapine,Olanzapine,Pulmonary Hypertension,Pulmonary Hypertension
DB00370,DB00571,Mirtazapine,Propranolol,Hypertensive disease,Hypertensive disease
DB00370,DB01149,Mirtazapine,Nefazodone,Pulmonary Hypertension,Pulmonary Hypertension
DB00370,DB01149,Mirtazapine,Nefazodone,Hypertensive disease,Hypertensive disease
DB00370,DB00396,Mirtazapine,Progesterone,Hypertensive disease,Hypertensive disease
DB01242,DB00363,Clomipramine,Clozapine,Hypertensive disease,Hypertensive disease
DB01242,DB00715,Clomipramine,Paroxetine,Pulmonary Hypertension,Pulmonary Hypertension
DB01242,DB00715,Clomipramine,Paroxetine,Hypertensive disease,Hypertensive disease
DB01242,DB01238,Clomipramine,Aripiprazole,Hypertensive disease,Hypertensive disease
DB01242,DB00734,Clomipramine,Risperidone,Hypertensive disease,Hypertensive disease
DB01242,DB00334,Clomipramine,Olanzapine,Hypertensive disease,Hypertensive disease
DB01242,DB00334,Clomipramine,Olanzapine,Pulmonary Hypertension,Pulmonary Hypertension
DB01242,DB00285,Clomipramine,Venlafaxine,Pulmonary Hypertension,Pulmonary Hypertension
DB01242,DB00285,Clomipramine,Venlafaxine,Hypertensive disease,Hypertensive disease
DB01242,DB01224,Clomipramine,Quetiapine,Hypertensive disease,Hypertensive disease
DB01242,DB00999,Clomipramine,Hydrochlorothiazide,Hypertensive disease,Hypertensive disease
DB01242,DB00999,Clomipramine,Hydrochlorothiazide,Pulmonary Hypertension,Pulmonary Hypertension
DB01242,DB00458,Clomipramine,Imipramine,Hypertensive disease,Hypertensive disease
DB01242,DB00458,Clomipramine,Imipramine,Pulmonary Hypertension,Pulmonary Hypertension
DB01242,DB00540,Clomipramine,Nortriptyline,Hypertensive disease,Hypertensive disease
DB01242,DB00540,Clomipramine,Nortriptyline,Pulmonary Hypertension,Pulmonary Hypertension
DB01242,DB00571,Clomipramine,Propranolol,Hypertensive disease,Hypertensive disease
DB01242,DB00193,Clomipramine,Tramadol,Hypertensive disease,Hypertensive disease
DB01242,DB00193,Clomipramine,Tramadol,Pulmonary Hypertension,Pulmonary Hypertension
DB01242,DB00370,Clomipramine,Mirtazapine,Hypertensive disease,Hypertensive disease
DB01242,DB00370,Clomipramine,Mirtazapine,Pulmonary Hypertension,Pulmonary Hypertension
DB01242,DB00246,Clomipramine,Ziprasidone,Hypertensive disease,Hypertensive disease
DB00458,DB00476,Imipramine,Duloxetine,Pulmonary Hypertension,Pulmonary Hypertension
DB00458,DB00476,Imipramine,Duloxetine,Hypertensive disease,Hypertensive disease
DB00458,DB00734,Imipramine,Risperidone,Hypertensive disease,Hypertensive disease
DB00458,DB00421,Imipramine,Spironolactone,Hypertensive disease,Hypertensive disease
DB00458,DB00795,Imipramine,Sulfasalazine,Pulmonary Hypertension,Pulmonary Hypertension
DB00458,DB00795,Imipramine,Sulfasalazine,Hypertensive disease,Hypertensive disease
DB00458,DB00285,Imipramine,Venlafaxine,Pulmonary Hypertension,Pulmonary Hypertension
DB00458,DB00285,Imipramine,Venlafaxine,Hypertensive disease,Hypertensive disease
DB00458,DB01224,Imipramine,Quetiapine,Hypertensive disease,Hypertensive disease
DB00458,DB00334,Imipramine,Olanzapine,Hypertensive disease,Hypertensive disease
DB00458,DB00334,Imipramine,Olanzapine,Pulmonary Hypertension,Pulmonary Hypertension
DB00458,DB00580,Imipramine,Valdecoxib,Hypertensive disease,Hypertensive disease
DB00458,DB00675,Imipramine,Tamoxifen,Hypertensive disease,Hypertensive disease
DB00675,DB00285,Tamoxifen,Venlafaxine,Hypertensive disease,Hypertensive disease
DB00675,DB00193,Tamoxifen,Tramadol,Hypertensive disease,Hypertensive disease
DB00675,DB00580,Tamoxifen,Valdecoxib,Hypertensive disease,Hypertensive disease
DB01149,DB00571,Nefazodone,Propranolol,Hypertensive disease,Hypertensive disease
DB01149,DB00715,Nefazodone,Paroxetine,Pulmonary Hypertension,Pulmonary Hypertension
DB01149,DB00715,Nefazodone,Paroxetine,Hypertensive disease,Hypertensive disease
DB01149,DB00580,Nefazodone,Valdecoxib,Hypertensive disease,Hypertensive disease
DB01149,DB00433,Nefazodone,Prochlorperazine,Hypertensive disease,Hypertensive disease
DB01149,DB01224,Nefazodone,Quetiapine,Hypertensive disease,Hypertensive disease
DB01149,DB00285,Nefazodone,Venlafaxine,Pulmonary Hypertension,Pulmonary Hypertension
DB01149,DB00285,Nefazodone,Venlafaxine,Hypertensive disease,Hypertensive disease
DB01149,DB01238,Nefazodone,Aripiprazole,Hypertensive disease,Hypertensive disease
DB01149,DB00476,Nefazodone,Duloxetine,Pulmonary Hypertension,Pulmonary Hypertension
DB01149,DB00476,Nefazodone,Duloxetine,Hypertensive disease,Hypertensive disease
DB01149,DB00412,Nefazodone,Rosiglitazone,Hypertensive disease,Hypertensive disease
DB01149,DB00734,Nefazodone,Risperidone,Hypertensive disease,Hypertensive disease
DB01149,DB01069,Nefazodone,Promethazine,Hypertensive disease,Hypertensive disease
DB01149,DB00193,Nefazodone,Tramadol,Hypertensive disease,Hypertensive disease
DB01149,DB00193,Nefazodone,Tramadol,Pulmonary Hypertension,Pulmonary Hypertension
DB01149,DB00334,Nefazodone,Olanzapine,Hypertensive disease,Hypertensive disease
DB01149,DB00334,Nefazodone,Olanzapine,Pulmonary Hypertension,Pulmonary Hypertension
DB01149,DB00396,Nefazodone,Progesterone,Hypertensive disease,Hypertensive disease
DB01149,DB00246,Nefazodone,Ziprasidone,Hypertensive disease,Hypertensive disease
DB01142,DB00571,Doxepin,Propranolol,Hypertensive disease,Hypertensive disease
DB01142,DB00476,Doxepin,Duloxetine,Pulmonary Hypertension,Pulmonary Hypertension
DB01142,DB00476,Doxepin,Duloxetine,Hypertensive disease,Hypertensive disease
DB01142,DB00370,Doxepin,Mirtazapine,Hypertensive disease,Hypertensive disease
DB01142,DB00370,Doxepin,Mirtazapine,Pulmonary Hypertension,Pulmonary Hypertension
DB01142,DB01069,Doxepin,Promethazine,Hypertensive disease,Hypertensive disease
DB01142,DB00246,Doxepin,Ziprasidone,Hypertensive disease,Hypertensive disease
DB01142,DB00285,Doxepin,Venlafaxine,Pulmonary Hypertension,Pulmonary Hypertension
DB01142,DB00285,Doxepin,Venlafaxine,Hypertensive disease,Hypertensive disease
DB01142,DB00433,Doxepin,Prochlorperazine,Hypertensive disease,Hypertensive disease
DB01142,DB01238,Doxepin,Aripiprazole,Hypertensive disease,Hypertensive disease
DB01142,DB00734,Doxepin,Risperidone,Hypertensive disease,Hypertensive disease
DB01142,DB01224,Doxepin,Quetiapine,Hypertensive disease,Hypertensive disease
DB01142,DB00580,Doxepin,Valdecoxib,Hypertensive disease,Hypertensive disease
DB01142,DB00502,Doxepin,Haloperidol,Hypertensive disease,Hypertensive disease
DB01142,DB00540,Doxepin,Nortriptyline,Hypertensive disease,Hypertensive disease
DB01142,DB00540,Doxepin,Nortriptyline,Pulmonary Hypertension,Pulmonary Hypertension
DB01142,DB00472,Doxepin,Fluoxetine,Pulmonary Hypertension,Pulmonary Hypertension
DB01142,DB00999,Doxepin,Hydrochlorothiazide,Hypertensive disease,Hypertensive disease
DB01142,DB00999,Doxepin,Hydrochlorothiazide,Pulmonary Hypertension,Pulmonary Hypertension
DB01142,DB00715,Doxepin,Paroxetine,Pulmonary Hypertension,Pulmonary Hypertension
DB01142,DB00715,Doxepin,Paroxetine,Hypertensive disease,Hypertensive disease
DB01142,DB00334,Doxepin,Olanzapine,Hypertensive disease,Hypertensive disease
DB01142,DB00334,Doxepin,Olanzapine,Pulmonary Hypertension,Pulmonary Hypertension
DB01142,DB00193,Doxepin,Tramadol,Hypertensive disease,Hypertensive disease
DB01142,DB00193,Doxepin,Tramadol,Pulmonary Hypertension,Pulmonary Hypertension
DB01142,DB01149,Doxepin,Nefazodone,Pulmonary Hypertension,Pulmonary Hypertension
DB01142,DB01149,Doxepin,Nefazodone,Hypertensive disease,Hypertensive disease
DB01142,DB00458,Doxepin,Imipramine,Hypertensive disease,Hypertensive disease
DB01142,DB00458,Doxepin,Imipramine,Pulmonary Hypertension,Pulmonary Hypertension
DB01173,DB00476,Orphenadrine,Duloxetine,Hypertensive disease,Hypertensive disease
DB01173,DB01224,Orphenadrine,Quetiapine,Hypertensive disease,Hypertensive disease
DB01173,DB00715,Orphenadrine,Paroxetine,Hypertensive disease,Hypertensive disease
DB01173,DB01069,Orphenadrine,Promethazine,Hypertensive disease,Hypertensive disease
DB01173,DB00580,Orphenadrine,Valdecoxib,Hypertensive disease,Hypertensive disease
DB01173,DB00656,Orphenadrine,Trazodone,Hypertensive disease,Hypertensive disease
DB01173,DB00675,Orphenadrine,Tamoxifen,Hypertensive disease,Hypertensive disease
DB01173,DB00433,Orphenadrine,Prochlorperazine,Hypertensive disease,Hypertensive disease
DB00412,DB00795,Rosiglitazone,Sulfasalazine,Hypertensive disease,Hypertensive disease
DB00412,DB00580,Rosiglitazone,Valdecoxib,Hypertensive disease,Hypertensive disease
DB00586,DB00285,Diclofenac,Venlafaxine,Pulmonary Hypertension,Pulmonary Hypertension
DB00586,DB00285,Diclofenac,Venlafaxine,Hypertensive disease,Hypertensive disease
DB00586,DB00502,Diclofenac,Haloperidol,Hypertensive disease,Hypertensive disease
DB00586,DB00580,Diclofenac,Valdecoxib,Hypertensive disease,Hypertensive disease
DB00586,DB00216,Diclofenac,Eletriptan,Hypertensive disease,Hypertensive disease
DB00586,DB00216,Diclofenac,Eletriptan,Pulmonary Hypertension,Pulmonary Hypertension
DB00586,DB00605,Diclofenac,Sulindac,Hypertensive disease,Hypertensive disease
DB00586,DB00412,Diclofenac,Rosiglitazone,Hypertensive disease,Hypertensive disease
DB00586,DB00734,Diclofenac,Risperidone,Hypertensive disease,Hypertensive disease
DB00586,DB00999,Diclofenac,Hydrochlorothiazide,Hypertensive disease,Hypertensive disease
DB00586,DB00999,Diclofenac,Hydrochlorothiazide,Pulmonary Hypertension,Pulmonary Hypertension
DB00586,DB01238,Diclofenac,Aripiprazole,Hypertensive disease,Hypertensive disease
DB00586,DB00328,Diclofenac,Indomethacin,Hypertensive disease,Hypertensive disease
DB00586,DB01115,Diclofenac,Nifedipine,Hypertensive disease,Hypertensive disease
DB00586,DB00396,Diclofenac,Progesterone,Hypertensive disease,Hypertensive disease
DB00586,DB01023,Diclofenac,Felodipine,Hypertensive disease,Hypertensive disease
DB00586,DB00334,Diclofenac,Olanzapine,Hypertensive disease,Hypertensive disease
DB00586,DB00334,Diclofenac,Olanzapine,Pulmonary Hypertension,Pulmonary Hypertension
DB00586,DB00246,Diclofenac,Ziprasidone,Hypertensive disease,Hypertensive disease
DB00586,DB00472,Diclofenac,Fluoxetine,Pulmonary Hypertension,Pulmonary Hypertension
DB00586,DB01069,Diclofenac,Promethazine,Hypertensive disease,Hypertensive disease
DB00586,DB01110,Diclofenac,Miconazole,Hypertensive disease,Hypertensive disease
DB00586,DB01110,Diclofenac,Miconazole,Pulmonary Hypertension,Pulmonary Hypertension
DB00586,DB00433,Diclofenac,Prochlorperazine,Hypertensive disease,Hypertensive disease
DB00586,DB00675,Diclofenac,Tamoxifen,Hypertensive disease,Hypertensive disease
DB00586,DB01142,Diclofenac,Doxepin,Hypertensive disease,Hypertensive disease
DB00586,DB01142,Diclofenac,Doxepin,Pulmonary Hypertension,Pulmonary Hypertension
DB00586,DB00193,Diclofenac,Tramadol,Hypertensive disease,Hypertensive disease
DB00586,DB00193,Diclofenac,Tramadol,Pulmonary Hypertension,Pulmonary Hypertension
DB00586,DB00960,Diclofenac,Pindolol,Hypertensive disease,Hypertensive disease
DB00586,DB00540,Diclofenac,Nortriptyline,Hypertensive disease,Hypertensive disease
DB00586,DB00540,Diclofenac,Nortriptyline,Pulmonary Hypertension,Pulmonary Hypertension
DB00586,DB00524,Diclofenac,Metolazone,Hypertensive disease,Hypertensive disease
DB00586,DB01173,Diclofenac,Orphenadrine,Hypertensive disease,Hypertensive disease
DB00490,DB01224,Buspirone,Quetiapine,Hypertensive disease,Hypertensive disease
DB00490,DB00580,Buspirone,Valdecoxib,Hypertensive disease,Hypertensive disease
DB00490,DB00458,Buspirone,Imipramine,Hypertensive disease,Hypertensive disease
DB00490,DB00575,Buspirone,Clonidine,Hypertensive disease,Hypertensive disease
DB00490,DB00715,Buspirone,Paroxetine,Hypertensive disease,Hypertensive disease
DB00490,DB00285,Buspirone,Venlafaxine,Hypertensive disease,Hypertensive disease
DB00490,DB00734,Buspirone,Risperidone,Hypertensive disease,Hypertensive disease
DB00490,DB00999,Buspirone,Hydrochlorothiazide,Hypertensive disease,Hypertensive disease
DB00490,DB00216,Buspirone,Eletriptan,Hypertensive disease,Hypertensive disease
DB00490,DB00482,Buspirone,Celecoxib,Hypertensive disease,Hypertensive disease
DB00490,DB00540,Buspirone,Nortriptyline,Hypertensive disease,Hypertensive disease
DB00490,DB01069,Buspirone,Promethazine,Hypertensive disease,Hypertensive disease
DB00490,DB00433,Buspirone,Prochlorperazine,Hypertensive disease,Hypertensive disease
DB00490,DB01142,Buspirone,Doxepin,Hypertensive disease,Hypertensive disease
DB00490,DB00246,Buspirone,Ziprasidone,Hypertensive disease,Hypertensive disease
DB00490,DB00334,Buspirone,Olanzapine,Hypertensive disease,Hypertensive disease
DB00490,DB00795,Buspirone,Sulfasalazine,Hypertensive disease,Hypertensive disease
DB00490,DB00193,Buspirone,Tramadol,Hypertensive disease,Hypertensive disease
DB00490,DB00502,Buspirone,Haloperidol,Hypertensive disease,Hypertensive disease
DB00490,DB01242,Buspirone,Clomipramine,Hypertensive disease,Hypertensive disease
DB00490,DB01173,Buspirone,Orphenadrine,Hypertensive disease,Hypertensive disease
DB00490,DB00328,Buspirone,Indomethacin,Hypertensive disease,Hypertensive disease
DB00490,DB00836,Buspirone,Loperamide,Hypertensive disease,Hypertensive disease
DB00490,DB00675,Buspirone,Tamoxifen,Hypertensive disease,Hypertensive disease
DB00490,DB00586,Buspirone,Diclofenac,Hypertensive disease,Hypertensive disease
DB00413,DB00580,Pramipexole,Valdecoxib,Hypertensive disease,Hypertensive disease
DB00413,DB00268,Pramipexole,Ropinirole,Hypertensive disease,Hypertensive disease
DB00413,DB00268,Pramipexole,Ropinirole,Pulmonary Hypertension,Pulmonary Hypertension
DB00413,DB00246,Pramipexole,Ziprasidone,Hypertensive disease,Hypertensive disease
DB01110,DB00370,Miconazole,Mirtazapine,Hypertensive disease,Hypertensive disease
DB01110,DB00370,Miconazole,Mirtazapine,Pulmonary Hypertension,Pulmonary Hypertension
DB01110,DB00734,Miconazole,Risperidone,Hypertensive disease,Hypertensive disease
DB01110,DB00715,Miconazole,Paroxetine,Pulmonary Hypertension,Pulmonary Hypertension
DB01110,DB00715,Miconazole,Paroxetine,Hypertensive disease,Hypertensive disease
DB01110,DB00334,Miconazole,Olanzapine,Hypertensive disease,Hypertensive disease
DB01110,DB00334,Miconazole,Olanzapine,Pulmonary Hypertension,Pulmonary Hypertension
DB00328,DB00734,Indomethacin,Risperidone,Hypertensive disease,Hypertensive disease
DB00328,DB00605,Indomethacin,Sulindac,Hypertensive disease,Hypertensive disease
DB00328,DB00334,Indomethacin,Olanzapine,Hypertensive disease,Hypertensive disease
DB00328,DB00580,Indomethacin,Valdecoxib,Hypertensive disease,Hypertensive disease
DB00328,DB00396,Indomethacin,Progesterone,Hypertensive disease,Hypertensive disease
DB00328,DB00433,Indomethacin,Prochlorperazine,Hypertensive disease,Hypertensive disease
DB00328,DB01238,Indomethacin,Aripiprazole,Hypertensive disease,Hypertensive disease
DB00328,DB00193,Indomethacin,Tramadol,Hypertensive disease,Hypertensive disease
DB00328,DB00524,Indomethacin,Metolazone,Hypertensive disease,Hypertensive disease
DB00328,DB01069,Indomethacin,Promethazine,Hypertensive disease,Hypertensive disease
DB00328,DB00540,Indomethacin,Nortriptyline,Hypertensive disease,Hypertensive disease
DB00328,DB01173,Indomethacin,Orphenadrine,Hypertensive disease,Hypertensive disease
DB00328,DB00675,Indomethacin,Tamoxifen,Hypertensive disease,Hypertensive disease
DB00661,DB00836,Verapamil,Loperamide,Hypertensive disease,Hypertensive disease
DB00661,DB01224,Verapamil,Quetiapine,Hypertensive disease,Hypertensive disease
DB00661,DB01136,Verapamil,Carvedilol,Hypertensive disease,Hypertensive disease
DB00661,DB01136,Verapamil,Carvedilol,Pulmonary Hypertension,Pulmonary Hypertension
DB00661,DB00268,Verapamil,Ropinirole,Hypertensive disease,Hypertensive disease
DB00661,DB00268,Verapamil,Ropinirole,Pulmonary Hypertension,Pulmonary Hypertension
DB00661,DB00433,Verapamil,Prochlorperazine,Hypertensive disease,Hypertensive disease
DB00661,DB00482,Verapamil,Celecoxib,Hypertensive disease,Hypertensive disease
DB00661,DB00363,Verapamil,Clozapine,Hypertensive disease,Hypertensive disease
DB00661,DB01173,Verapamil,Orphenadrine,Hypertensive disease,Hypertensive disease
DB00661,DB01238,Verapamil,Aripiprazole,Hypertensive disease,Hypertensive disease
DB00661,DB00334,Verapamil,Olanzapine,Hypertensive disease,Hypertensive disease
DB00661,DB00334,Verapamil,Olanzapine,Pulmonary Hypertension,Pulmonary Hypertension
DB00661,DB00396,Verapamil,Progesterone,Hypertensive disease,Hypertensive disease
DB00661,DB01149,Verapamil,Nefazodone,Pulmonary Hypertension,Pulmonary Hypertension
DB00661,DB01149,Verapamil,Nefazodone,Hypertensive disease,Hypertensive disease
DB00661,DB00586,Verapamil,Diclofenac,Hypertensive disease,Hypertensive disease
DB00661,DB00586,Verapamil,Diclofenac,Pulmonary Hypertension,Pulmonary Hypertension
DB00246,DB00412,Ziprasidone,Rosiglitazone,Hypertensive disease,Hypertensive disease
DB00334,DB01069,Olanzapine,Promethazine,Hypertensive disease,Hypertensive disease
DB00334,DB00285,Olanzapine,Venlafaxine,Pulmonary Hypertension,Pulmonary Hypertension
DB00334,DB00285,Olanzapine,Venlafaxine,Hypertensive disease,Hypertensive disease
DB00334,DB00571,Olanzapine,Propranolol,Hypertensive disease,Hypertensive disease
DB00334,DB01238,Olanzapine,Aripiprazole,Hypertensive disease,Hypertensive disease
DB00334,DB00715,Olanzapine,Paroxetine,Pulmonary Hypertension,Pulmonary Hypertension
DB00334,DB00715,Olanzapine,Paroxetine,Hypertensive disease,Hypertensive disease
DB00334,DB00734,Olanzapine,Risperidone,Hypertensive disease,Hypertensive disease
DB00334,DB00193,Olanzapine,Tramadol,Hypertensive disease,Hypertensive disease
DB00334,DB00193,Olanzapine,Tramadol,Pulmonary Hypertension,Pulmonary Hypertension
DB00334,DB00580,Olanzapine,Valdecoxib,Hypertensive disease,Hypertensive disease
DB00334,DB00850,Olanzapine,Perphenazine,Hypertensive disease,Hypertensive disease
DB00334,DB01224,Olanzapine,Quetiapine,Hypertensive disease,Hypertensive disease
DB00334,DB00412,Olanzapine,Rosiglitazone,Hypertensive disease,Hypertensive disease
DB00334,DB00246,Olanzapine,Ziprasidone,Hypertensive disease,Hypertensive disease
DB00836,DB00334,Loperamide,Olanzapine,Hypertensive disease,Hypertensive disease
DB00836,DB00540,Loperamide,Nortriptyline,Hypertensive disease,Hypertensive disease
DB00836,DB00396,Loperamide,Progesterone,Hypertensive disease,Hypertensive disease
DB00836,DB00193,Loperamide,Tramadol,Hypertensive disease,Hypertensive disease
DB00668,DB00661,Epinephrine,Verapamil,Hypertensive disease,Hypertensive disease
DB00668,DB00661,Epinephrine,Verapamil,Pulmonary Hypertension,Pulmonary Hypertension
DB00668,DB00215,Epinephrine,Citalopram,Pulmonary Hypertension,Pulmonary Hypertension
DB00668,DB00381,Epinephrine,Amlodipine,Hypertensive disease,Hypertensive disease
DB00668,DB00433,Epinephrine,Prochlorperazine,Hypertensive disease,Hypertensive disease
DB00668,DB00502,Epinephrine,Haloperidol,Hypertensive disease,Hypertensive disease
DB00668,DB00571,Epinephrine,Propranolol,Hypertensive disease,Hypertensive disease
DB00668,DB01115,Epinephrine,Nifedipine,Hypertensive disease,Hypertensive disease
DB00668,DB01069,Epinephrine,Promethazine,Hypertensive disease,Hypertensive disease
DB00668,DB00887,Epinephrine,Bumetanide,Hypertensive disease,Hypertensive disease
DB00668,DB01224,Epinephrine,Quetiapine,Hypertensive disease,Hypertensive disease
DB00668,DB00193,Epinephrine,Tramadol,Hypertensive disease,Hypertensive disease
DB00668,DB00193,Epinephrine,Tramadol,Pulmonary Hypertension,Pulmonary Hypertension
DB00668,DB00490,Epinephrine,Buspirone,Hypertensive disease,Hypertensive disease
DB00668,DB00328,Epinephrine,Indomethacin,Hypertensive disease,Hypertensive disease
DB00668,DB00836,Epinephrine,Loperamide,Hypertensive disease,Hypertensive disease
DB00248,DB01136,Cabergoline,Carvedilol,Hypertensive disease,Hypertensive disease
DB00248,DB01136,Cabergoline,Carvedilol,Pulmonary Hypertension,Pulmonary Hypertension
DB00887,DB00715,Bumetanide,Paroxetine,Hypertensive disease,Hypertensive disease
DB00887,DB00836,Bumetanide,Loperamide,Hypertensive disease,Hypertensive disease
DB00887,DB01069,Bumetanide,Promethazine,Hypertensive disease,Hypertensive disease
DB00887,DB00285,Bumetanide,Venlafaxine,Hypertensive disease,Hypertensive disease
DB00887,DB00482,Bumetanide,Celecoxib,Hypertensive disease,Hypertensive disease
DB00887,DB00575,Bumetanide,Clonidine,Hypertensive disease,Hypertensive disease
DB00887,DB00270,Bumetanide,Isradipine,Hypertensive disease,Hypertensive disease
DB00887,DB00571,Bumetanide,Propranolol,Hypertensive disease,Hypertensive disease
DB00887,DB01142,Bumetanide,Doxepin,Hypertensive disease,Hypertensive disease
